{
    "baseline": {
        "Logistic Regression": {
            "mean": 0.8910358415005474,
            "median": 0.9038461538461539
        },
        "Random Forest": {
            "mean": 0.9025170577788225,
            "median": 0.9090909090909091
        },
        "Support Vector Machine": {
            "mean": 0.8916873047431872,
            "median": 0.8916083916083917
        }
    },
    "SelectK": {
        "Logistic Regression": {
            "mean": 0.8946291124997007,
            "median": 0.8769230769230769
        },
        "Random Forest": {
            "mean": 0.8960313034460095,
            "median": 0.9096153846153846
        },
        "Support Vector Machine": {
            "mean": 0.7260524591965769,
            "median": 0.7230769230769231
        }
    },
    "PCA": {
        "Logistic Regression": {
            "mean": 0.8777078626166862,
            "median": 0.8834285714285715
        },
        "Random Forest": {
            "mean": 0.8881383959178077,
            "median": 0.8971428571428571
        },
        "Support Vector Machine": {
            "mean": 0.7792326390385214,
            "median": 0.7858974358974359
        }
    }
}