{
    "baseline": {
        "Logistic Regression": {
            "mean": 0.6967174248459403,
            "median": 0.7007357102433502
        },
        "Random Forest": {
            "mean": 0.6656045030603707,
            "median": 0.6683732167510354
        },
        "Support Vector Machine": {
            "mean": 0.6776929215684542,
            "median": 0.670674183156926
        }
    },
    "SelectK": {
        "Logistic Regression": {
            "mean": 0.7078316003096459,
            "median": 0.7034203420342034
        },
        "Random Forest": {
            "mean": 0.7067735772247341,
            "median": 0.6906925908881731
        },
        "Support Vector Machine": {
            "mean": 0.7046876883416175,
            "median": 0.7050161067648413
        }
    }
}