{
    "baseline": {
        "Logistic Regression": {
            "mean": 0.8910358415005474,
            "median": 0.9038461538461539
        },
        "Random Forest": {
            "mean": 0.8907039547054254,
            "median": 0.9003496503496503
        },
        "Support Vector Machine": {
            "mean": 0.8916873047431872,
            "median": 0.8916083916083917
        }
    },
    "SelectK": {
        "Logistic Regression": {
            "mean": 0.8897031095266389,
            "median": 0.891025641025641
        },
        "Random Forest": {
            "mean": 0.8908204892601953,
            "median": 0.900932400932401
        },
        "Support Vector Machine": {
            "mean": 0.7261751568692745,
            "median": 0.7294871794871794
        }
    },
    "PCA": {
        "Logistic Regression": {
            "mean": 0.8740583513436453,
            "median": 0.8788571428571428
        },
        "Random Forest": {
            "mean": 0.8947788978450744,
            "median": 0.9003496503496503
        },
        "Support Vector Machine": {
            "mean": 0.7792326390385214,
            "median": 0.7858974358974359
        }
    }
}