{"0": {"baseline": {"accuracy": {"Logistic Regression": [0.6878306878306878], "Random Forest": [0.6402116402116402], "AdaBoost": [0.6666666666666666], "Gradient Boosting": [0.7037037037037037], "Support Vector Machine": [0.6931216931216931], "XGBoost": [0.6507936507936508]}, "roc_auc": {"Logistic Regression": [0.7272932161370296], "Random Forest": [0.6912328149650665], "AdaBoost": [0.7636353391931485], "Gradient Boosting": [0.7340545413567725], "Support Vector Machine": [0.7384494027496057], "XGBoost": [0.6972053189091729]}}, "SelectK": {"accuracy": {"Logistic Regression": [0.8624338624338624], "Random Forest": [0.8783068783068783], "AdaBoost": [0.8835978835978836], "Gradient Boosting": [0.873015873015873], "Support Vector Machine": [0.8042328042328042], "XGBoost": [0.8624338624338624]}, "roc_auc": {"Logistic Regression": [0.9386973180076629], "Random Forest": [0.9479377958079784], "AdaBoost": [0.9348659003831418], "Gradient Boosting": [0.9522763128239803], "Support Vector Machine": [0.9230335812485914], "XGBoost": [0.9559386973180076]}}, "PCA": {"accuracy": {"Logistic Regression": [0.8518518518518519], "Random Forest": [0.8412698412698413], "AdaBoost": [0.8571428571428571], "Gradient Boosting": [0.8306878306878307], "Support Vector Machine": [0.8571428571428571], "XGBoost": [0.8571428571428571]}, "roc_auc": {"Logistic Regression": [0.9115393283750283], "Random Forest": [0.9198219517692134], "AdaBoost": [0.90973630831643], "Gradient Boosting": [0.9064683344602208], "Support Vector Machine": [0.9275411313950868], "XGBoost": [0.9051160694162723]}}}, "1": {"baseline": {"accuracy": {"Logistic Regression": [0.671957671957672], "Random Forest": [0.6190476190476191], "AdaBoost": [0.656084656084656], "Gradient Boosting": [0.6507936507936508], "Support Vector Machine": [0.6825396825396826], "XGBoost": [0.5978835978835979]}, "roc_auc": {"Logistic Regression": [0.7348264277715566], "Random Forest": [0.639137737961926], "AdaBoost": [0.6963045912653976], "Gradient Boosting": [0.6741881298992162], "Support Vector Machine": [0.7344344904815231], "XGBoost": [0.6500559910414334]}}, "SelectK": {"accuracy": {"Logistic Regression": [0.8412698412698413], "Random Forest": [0.8359788359788359], "AdaBoost": [0.8306878306878307], "Gradient Boosting": [0.8095238095238095], "Support Vector Machine": [0.798941798941799], "XGBoost": [0.8095238095238095]}, "roc_auc": {"Logistic Regression": [0.9076147816349385], "Random Forest": [0.9052631578947368], "AdaBoost": [0.9206047032474804], "Gradient Boosting": [0.9231802911534154], "Support Vector Machine": [0.8957446808510637], "XGBoost": [0.9109742441209406]}}, "PCA": {"accuracy": {"Logistic Regression": [0.8201058201058201], "Random Forest": [0.798941798941799], "AdaBoost": [0.783068783068783], "Gradient Boosting": [0.8148148148148148], "Support Vector Machine": [0.8148148148148148], "XGBoost": [0.8042328042328042]}, "roc_auc": {"Logistic Regression": [0.8730123180291153], "Random Forest": [0.8722284434490482], "AdaBoost": [0.8664053751399776], "Gradient Boosting": [0.8800111982082867], "Support Vector Machine": [0.8683090705487122], "XGBoost": [0.867973124300112]}}}, "2": {"baseline": {"accuracy": {"Logistic Regression": [0.6825396825396826], "Random Forest": [0.6084656084656085], "AdaBoost": [0.6666666666666666], "Gradient Boosting": [0.6455026455026455], "Support Vector Machine": [0.6825396825396826], "XGBoost": [0.6455026455026455]}, "roc_auc": {"Logistic Regression": [0.6702531645569619], "Random Forest": [0.6524741081703107], "AdaBoost": [0.6618527042577674], "Gradient Boosting": [0.6925776754890679], "Support Vector Machine": [0.6226121979286536], "XGBoost": [0.6947640966628308]}}, "SelectK": {"accuracy": {"Logistic Regression": [0.8306878306878307], "Random Forest": [0.8253968253968254], "AdaBoost": [0.8095238095238095], "Gradient Boosting": [0.8201058201058201], "Support Vector Machine": [0.8042328042328042], "XGBoost": [0.8201058201058201]}, "roc_auc": {"Logistic Regression": [0.9186421173762946], "Random Forest": [0.9096087456846951], "AdaBoost": [0.8909090909090909], "Gradient Boosting": [0.9066168009205984], "Support Vector Machine": [0.9086306098964326], "XGBoost": [0.8985040276179517]}}, "PCA": {"accuracy": {"Logistic Regression": [0.8306878306878307], "Random Forest": [0.8306878306878307], "AdaBoost": [0.7883597883597884], "Gradient Boosting": [0.7883597883597884], "Support Vector Machine": [0.8465608465608465], "XGBoost": [0.7724867724867724]}, "roc_auc": {"Logistic Regression": [0.8944764096662832], "Random Forest": [0.8754315304948217], "AdaBoost": [0.8743958573072498], "Gradient Boosting": [0.8825086306098965], "Support Vector Machine": [0.8703107019562716], "XGBoost": [0.8672036823935558]}}}, "3": {"baseline": {"accuracy": {"Logistic Regression": [0.6666666666666666], "Random Forest": [0.6243386243386243], "AdaBoost": [0.6084656084656085], "Gradient Boosting": [0.5873015873015873], "Support Vector Machine": [0.671957671957672], "XGBoost": [0.6084656084656085]}, "roc_auc": {"Logistic Regression": [0.6807235663082438], "Random Forest": [0.6668346774193548], "AdaBoost": [0.6479614695340502], "Gradient Boosting": [0.6358646953405018], "Support Vector Machine": [0.6804995519713262], "XGBoost": [0.6580421146953405]}}, "SelectK": {"accuracy": {"Logistic Regression": [0.8253968253968254], "Random Forest": [0.8465608465608465], "AdaBoost": [0.8571428571428571], "Gradient Boosting": [0.8359788359788359], "Support Vector Machine": [0.8148148148148148], "XGBoost": [0.8253968253968254]}, "roc_auc": {"Logistic Regression": [0.9232750896057348], "Random Forest": [0.9148185483870968], "AdaBoost": [0.9150425627240143], "Gradient Boosting": [0.9159386200716846], "Support Vector Machine": [0.889896953405018], "XGBoost": [0.9002016129032258]}}, "PCA": {"accuracy": {"Logistic Regression": [0.8042328042328042], "Random Forest": [0.7513227513227513], "AdaBoost": [0.8095238095238095], "Gradient Boosting": [0.8042328042328042], "Support Vector Machine": [0.8306878306878307], "XGBoost": [0.798941798941799]}, "roc_auc": {"Logistic Regression": [0.8764560931899641], "Random Forest": [0.8674955197132614], "AdaBoost": [0.8506944444444444], "Gradient Boosting": [0.8697356630824372], "Support Vector Machine": [0.8513664874551972], "XGBoost": [0.8644713261648745]}}}, "4": {"baseline": {"accuracy": {"Logistic Regression": [0.6878306878306878], "Random Forest": [0.6296296296296297], "AdaBoost": [0.6666666666666666], "Gradient Boosting": [0.6613756613756614], "Support Vector Machine": [0.6666666666666666], "XGBoost": [0.6296296296296297]}, "roc_auc": {"Logistic Regression": [0.7190513568064589], "Random Forest": [0.6670778201390446], "AdaBoost": [0.6658443597219107], "Gradient Boosting": [0.6707221350078493], "Support Vector Machine": [0.7371047320026912], "XGBoost": [0.6830567391791882]}}, "SelectK": {"accuracy": {"Logistic Regression": [0.8042328042328042], "Random Forest": [0.8201058201058201], "AdaBoost": [0.8253968253968254], "Gradient Boosting": [0.8201058201058201], "Support Vector Machine": [0.798941798941799], "XGBoost": [0.8306878306878307]}, "roc_auc": {"Logistic Regression": [0.9065934065934067], "Random Forest": [0.8878111684234133], "AdaBoost": [0.8930253420049339], "Gradient Boosting": [0.8884839650145773], "Support Vector Machine": [0.8582641847947972], "XGBoost": [0.8979591836734695]}}, "PCA": {"accuracy": {"Logistic Regression": [0.8148148148148148], "Random Forest": [0.8148148148148148], "AdaBoost": [0.7619047619047619], "Gradient Boosting": [0.8042328042328042], "Support Vector Machine": [0.8148148148148148], "XGBoost": [0.8095238095238095]}, "roc_auc": {"Logistic Regression": [0.8698138596097779], "Random Forest": [0.8661695447409733], "AdaBoost": [0.8227741646108993], "Gradient Boosting": [0.8646557524108545], "Support Vector Machine": [0.8600583090379008], "XGBoost": [0.8445839874411303]}}}}